,BusinessPersonName,DetailsLinks
0,M. M. Abdul Hameed,https://en.wikipedia.org//wiki/M._M._Abdul_Hameed
1,Esther Victoria Abraham,https://en.wikipedia.org//wiki/Esther_Victoria_Abraham
2,Gautam Adani,https://en.wikipedia.org//wiki/Gautam_Adani
3,Sivanthi Adithan,https://en.wikipedia.org//wiki/Sivanthi_Adithan
4,Anu Aga,https://en.wikipedia.org//wiki/Anu_Aga
5,Ashutosh Agashe,https://en.wikipedia.org//wiki/Ashutosh_Agashe
6,Chandrashekhar Agashe,https://en.wikipedia.org//wiki/Chandrashekhar_Agashe
7,Dnyaneshwar Agashe,https://en.wikipedia.org//wiki/Dnyaneshwar_Agashe
8,Mandar Agashe,https://en.wikipedia.org//wiki/Mandar_Agashe
9,Panditrao Agashe,https://en.wikipedia.org//wiki/Panditrao_Agashe
10,Anil Ambani,https://en.wikipedia.org//wiki/Anil_Ambani
11,Navodaya Appachan,https://en.wikipedia.org//wiki/Navodaya_Appachan
12,Raji Arasu,https://en.wikipedia.org//wiki/Raji_Arasu
13,Arthur Froom,https://en.wikipedia.org//wiki/Arthur_Froom
14,Shabnam Asthana,https://en.wikipedia.org//wiki/Shabnam_Asthana
15,Zubaida Bai,https://en.wikipedia.org//wiki/Zubaida_Bai
16,Achal Bakeri,https://en.wikipedia.org//wiki/Achal_Bakeri
17,Vinita Bali,https://en.wikipedia.org//wiki/Vinita_Bali
18,Binny Bansal,https://en.wikipedia.org//wiki/Binny_Bansal
19,Hemendra Prasad Barooah,https://en.wikipedia.org//wiki/Hemendra_Prasad_Barooah
20,Kamal Kumari Barooah,https://en.wikipedia.org//wiki/Kamal_Kumari_Barooah
21,Vallabh Bhanshali,https://en.wikipedia.org//wiki/Vallabh_Bhanshali
22,P. Bhanumathi,https://en.wikipedia.org//wiki/P._Bhanumathi
23,Uddhab Bharali,https://en.wikipedia.org//wiki/Uddhab_Bharali
24,Shobhana Bhartia,https://en.wikipedia.org//wiki/Shobhana_Bhartia
25,Sunil Bhaskaran,https://en.wikipedia.org//wiki/Sunil_Bhaskaran
26,Sheila Bhatia,https://en.wikipedia.org//wiki/Sheila_Bhatia
27,Ela Bhatt,https://en.wikipedia.org//wiki/Ela_Bhatt
28,Mukesh Bhatt,https://en.wikipedia.org//wiki/Mukesh_Bhatt
29,Arundhati Bhattacharya,https://en.wikipedia.org//wiki/Arundhati_Bhattacharya
30,Jeroo Billimoria,https://en.wikipedia.org//wiki/Jeroo_Billimoria
31,Aditya Vikram Birla,https://en.wikipedia.org//wiki/Aditya_Vikram_Birla
32,Ganga Prasad Birla,https://en.wikipedia.org//wiki/Ganga_Prasad_Birla
33,Rajashree Birla,https://en.wikipedia.org//wiki/Rajashree_Birla
34,William Nanda Bissell,https://en.wikipedia.org//wiki/William_Nanda_Bissell
35,Sudhakar Bokade,https://en.wikipedia.org//wiki/Sudhakar_Bokade
36,Shabbir Boxwala,https://en.wikipedia.org//wiki/Shabbir_Boxwala
37,Brijmohan Lall Munjal,https://en.wikipedia.org//wiki/Brijmohan_Lall_Munjal
38,Urvashi Butalia,https://en.wikipedia.org//wiki/Urvashi_Butalia
39,H. M. Cassime,https://en.wikipedia.org//wiki/H._M._Cassime
40,Rohit Chadda,https://en.wikipedia.org//wiki/Rohit_Chadda
41,Ponty Chadha,https://en.wikipedia.org//wiki/Ponty_Chadha
42,Anand Chandrasekaran,https://en.wikipedia.org//wiki/Anand_Chandrasekaran
43,Shoba Chandrasekhar,https://en.wikipedia.org//wiki/Shoba_Chandrasekhar
44,Kamaladevi Chattopadhyay,https://en.wikipedia.org//wiki/Kamaladevi_Chattopadhyay
45,Nand Kishore Chaudhary,https://en.wikipedia.org//wiki/Nand_Kishore_Chaudhary
46,Purushottam K. Chauhan,https://en.wikipedia.org//wiki/Purushottam_K._Chauhan
47,Juhi Chawla,https://en.wikipedia.org//wiki/Juhi_Chawla
48,Alagappa Chettiar,https://en.wikipedia.org//wiki/Alagappa_Chettiar
49,M. A. Chidambaram,https://en.wikipedia.org//wiki/M._A._Chidambaram
50,Pamela Chopra,https://en.wikipedia.org//wiki/Pamela_Chopra
51,Santosh Choubey,https://en.wikipedia.org//wiki/Santosh_Choubey
52,J A Chowdary,https://en.wikipedia.org//wiki/J_A_Chowdary
53,Eulie Chowdhury,https://en.wikipedia.org//wiki/Eulie_Chowdhury
54,Seetha Coleman-Kammula,https://en.wikipedia.org//wiki/Seetha_Coleman-Kammula
55,Sylvester da Cunha,https://en.wikipedia.org//wiki/Sylvester_da_Cunha
56,Sharayu Daftary,https://en.wikipedia.org//wiki/Sharayu_Daftary
57,Shirin Darasha,https://en.wikipedia.org//wiki/Shirin_Darasha
58,Alamohan Das,https://en.wikipedia.org//wiki/Alamohan_Das
59,C. D. Deshmukh,https://en.wikipedia.org//wiki/C._D._Deshmukh
60,Sulabha Deshpande,https://en.wikipedia.org//wiki/Sulabha_Deshpande
61,Anjali Devi,https://en.wikipedia.org//wiki/Anjali_Devi
62,Geeta Dharmarajan,https://en.wikipedia.org//wiki/Geeta_Dharmarajan
63,Doddanna Setty,https://en.wikipedia.org//wiki/Doddanna_Setty
64,Tanya Dubash,https://en.wikipedia.org//wiki/Tanya_Dubash
65,C. Aswani Dutt,https://en.wikipedia.org//wiki/C._Aswani_Dutt
66,Dajikaka Gadgil,https://en.wikipedia.org//wiki/Dajikaka_Gadgil
67,Kailash Chandra Gahtori,https://en.wikipedia.org//wiki/Kailash_Chandra_Gahtori
68,Galla Aruna Kumari,https://en.wikipedia.org//wiki/Galla_Aruna_Kumari
69,Shanta Gandhi,https://en.wikipedia.org//wiki/Shanta_Gandhi
70,Ashok Sekhar Ganguly,https://en.wikipedia.org//wiki/Ashok_Sekhar_Ganguly
71,Andrew Geddis,https://en.wikipedia.org//wiki/Andrew_Geddis
72,Vasantrao Ghatge,https://en.wikipedia.org//wiki/Vasantrao_Ghatge
73,A. Y. S. Gnanam,https://en.wikipedia.org//wiki/A._Y._S._Gnanam
74,Adi Godrej,https://en.wikipedia.org//wiki/Adi_Godrej
75,Ardeshir Godrej,https://en.wikipedia.org//wiki/Ardeshir_Godrej
76,Rohtas Goel,https://en.wikipedia.org//wiki/Rohtas_Goel
77,Sita Ram Goel,https://en.wikipedia.org//wiki/Sita_Ram_Goel
78,Jyoti Gogte,https://en.wikipedia.org//wiki/Jyoti_Gogte
79,Raosaheb Gogte,https://en.wikipedia.org//wiki/Raosaheb_Gogte
80,Gokuldas Malpani,https://en.wikipedia.org//wiki/Gokuldas_Malpani
81,Gita Gopinath,https://en.wikipedia.org//wiki/Gita_Gopinath
82,Shyamala Gopinath,https://en.wikipedia.org//wiki/Shyamala_Gopinath
83,Naresh Goyal,https://en.wikipedia.org//wiki/Naresh_Goyal
84,Dharampal Gulati,https://en.wikipedia.org//wiki/Dharampal_Gulati
85,Anshu Gupta,https://en.wikipedia.org//wiki/Anshu_Gupta
86,Qimat Rai Gupta,https://en.wikipedia.org//wiki/Qimat_Rai_Gupta
87,Rajinder Gupta,https://en.wikipedia.org//wiki/Rajinder_Gupta
88,Biswanath Halder,https://en.wikipedia.org//wiki/Biswanath_Halder
89,Harish Hande,https://en.wikipedia.org//wiki/Harish_Hande
90,Harichand Megha Dalaya,https://en.wikipedia.org//wiki/Harichand_Megha_Dalaya
91,Parmanand Hinduja,https://en.wikipedia.org//wiki/Parmanand_Hinduja
92,S. P. Hinduja,https://en.wikipedia.org//wiki/S._P._Hinduja
93,Seth Hukumchand,https://en.wikipedia.org//wiki/Seth_Hukumchand
94,Shahnaz Husain,https://en.wikipedia.org//wiki/Shahnaz_Husain
95,Tahir Hussain,https://en.wikipedia.org//wiki/Tahir_Hussain
96,P. A. Ibrahim Haji,https://en.wikipedia.org//wiki/P._A._Ibrahim_Haji
97,G. Subramania Iyer,https://en.wikipedia.org//wiki/G._Subramania_Iyer
98,Jaddanbai,https://en.wikipedia.org//wiki/Jaddanbai
99,Anshu Jain,https://en.wikipedia.org//wiki/Anshu_Jain
100,Ashok Kumar Jain,https://en.wikipedia.org//wiki/Ashok_Kumar_Jain
101,Bhavarlal Jain,https://en.wikipedia.org//wiki/Bhavarlal_Jain
102,Devaki Jain,https://en.wikipedia.org//wiki/Devaki_Jain
103,Indu Jain,https://en.wikipedia.org//wiki/Indu_Jain
104,Sahu Shanti Prasad Jain,https://en.wikipedia.org//wiki/Sahu_Shanti_Prasad_Jain
105,Samir Jain,https://en.wikipedia.org//wiki/Samir_Jain
106,Vineet Jain,https://en.wikipedia.org//wiki/Vineet_Jain
107,Tushar Jani,https://en.wikipedia.org//wiki/Tushar_Jani
108,Subba Rao Jasti,https://en.wikipedia.org//wiki/Subba_Rao_Jasti
109,Aditya Jha,https://en.wikipedia.org//wiki/Aditya_Jha
110,Savitri Jindal,https://en.wikipedia.org//wiki/Savitri_Jindal
111,Sminu Jindal,https://en.wikipedia.org//wiki/Sminu_Jindal
112,Yash Johar,https://en.wikipedia.org//wiki/Yash_Johar
113,M. O. Joseph,https://en.wikipedia.org//wiki/M._O._Joseph
114,Deepali Pant Joshi,https://en.wikipedia.org//wiki/Deepali_Pant_Joshi
115,Fazal Nawaz Jung,https://en.wikipedia.org//wiki/Fazal_Nawaz_Jung
116,Adhik Kadam,https://en.wikipedia.org//wiki/Adhik_Kadam
117,Revathi Kamath,https://en.wikipedia.org//wiki/Revathi_Kamath
118,P. Kannamba,https://en.wikipedia.org//wiki/P._Kannamba
119,Vinod Kannan,https://en.wikipedia.org//wiki/Vinod_Kannan
120,Lalit Surajmal Kanodia,https://en.wikipedia.org//wiki/Lalit_Surajmal_Kanodia
121,Ekta Kapoor,https://en.wikipedia.org//wiki/Ekta_Kapoor
122,Mona Shourie Kapoor,https://en.wikipedia.org//wiki/Mona_Shourie_Kapoor
123,Sanjana Kapoor,https://en.wikipedia.org//wiki/Sanjana_Kapoor
124,Shobha Kapoor,https://en.wikipedia.org//wiki/Shobha_Kapoor
125,Shruti Kapoor,https://en.wikipedia.org//wiki/Shruti_Kapoor
126,Kasturchand Daga,https://en.wikipedia.org//wiki/Kasturchand_Daga
127,Jagdish Khattar,https://en.wikipedia.org//wiki/Jagdish_Khattar
128,Uday Khemka,https://en.wikipedia.org//wiki/Uday_Khemka
129,Naina Lal Kidwai,https://en.wikipedia.org//wiki/Naina_Lal_Kidwai
130,D. C. Kizhakemuri,https://en.wikipedia.org//wiki/D._C._Kizhakemuri
131,Chanda Kochhar,https://en.wikipedia.org//wiki/Chanda_Kochhar
132,Brij Kothari,https://en.wikipedia.org//wiki/Brij_Kothari
133,Dasari Kotiratnam,https://en.wikipedia.org//wiki/Dasari_Kotiratnam
134,R. K. Krishna Kumar,https://en.wikipedia.org//wiki/R._K._Krishna_Kumar
135,Suresh Krishna (businessman),https://en.wikipedia.org//wiki/Suresh_Krishna_(businessman)
136,K. Krishnamurthy,https://en.wikipedia.org//wiki/K._Krishnamurthy
137,Krishnaveni (actress),https://en.wikipedia.org//wiki/Krishnaveni_(actress)
138,Vaman Srinivas Kudva,https://en.wikipedia.org//wiki/Vaman_Srinivas_Kudva
139,Gulshan Kumar,https://en.wikipedia.org//wiki/Gulshan_Kumar
140,Verghese Kurien,https://en.wikipedia.org//wiki/Verghese_Kurien
141,Kalpana Lajmi,https://en.wikipedia.org//wiki/Kalpana_Lajmi
142,M. Veeraraghavachariar,https://en.wikipedia.org//wiki/M._Veeraraghavachariar
143,M. K. Mackar Pillay,https://en.wikipedia.org//wiki/M._K._Mackar_Pillay
144,J.J. Madan,https://en.wikipedia.org//wiki/J.J._Madan
145,Jamshedji Framji Madan,https://en.wikipedia.org//wiki/Jamshedji_Framji_Madan
146,Joe Madiath,https://en.wikipedia.org//wiki/Joe_Madiath
147,Ganpatrao Narayanrao Madiman,https://en.wikipedia.org//wiki/Ganpatrao_Narayanrao_Madiman
148,Vijay Mahajan,https://en.wikipedia.org//wiki/Vijay_Mahajan
149,Manish Maheshwari,https://en.wikipedia.org//wiki/Manish_Maheshwari
150,Jagdish Chandra Mahindra,https://en.wikipedia.org//wiki/Jagdish_Chandra_Mahindra
151,Kailash Chandra Mahindra,https://en.wikipedia.org//wiki/Kailash_Chandra_Mahindra
152,Vijay Mallya,https://en.wikipedia.org//wiki/Vijay_Mallya
153,Mammootty,https://en.wikipedia.org//wiki/Mammootty
154,Maneckji Byramji Dadabhoy,https://en.wikipedia.org//wiki/Maneckji_Byramji_Dadabhoy
155,Shaffi Mather,https://en.wikipedia.org//wiki/Shaffi_Mather
156,K. M. Mathew,https://en.wikipedia.org//wiki/K._M._Mathew
157,Lloyd Mathias,https://en.wikipedia.org//wiki/Lloyd_Mathias
158,C. P. Mathen,https://en.wikipedia.org//wiki/C._P._Mathen
159,Narayan Mauzo,https://en.wikipedia.org//wiki/Narayan_Mauzo
160,Kiran Mazumdar-Shaw,https://en.wikipedia.org//wiki/Kiran_Mazumdar-Shaw
161,D. R. Mehta,https://en.wikipedia.org//wiki/D._R._Mehta
162,Harshad Mehta,https://en.wikipedia.org//wiki/Harshad_Mehta
163,Pravina Mehta,https://en.wikipedia.org//wiki/Pravina_Mehta
164,U. N. Mehta,https://en.wikipedia.org//wiki/U._N._Mehta
165,Vaikunthbhai Mehta,https://en.wikipedia.org//wiki/Vaikunthbhai_Mehta
166,Mekapati Goutham Reddy,https://en.wikipedia.org//wiki/Mekapati_Goutham_Reddy
167,Ritu Menon,https://en.wikipedia.org//wiki/Ritu_Menon
168,Perin Jamsetjee Mistri,https://en.wikipedia.org//wiki/Perin_Jamsetjee_Mistri
169,Aditya Mittal,https://en.wikipedia.org//wiki/Aditya_Mittal
170,Anoop Kumar Mittal,https://en.wikipedia.org//wiki/Anoop_Kumar_Mittal
171,Lakshmi Mittal,https://en.wikipedia.org//wiki/Lakshmi_Mittal
172,Sunil Mittal,https://en.wikipedia.org//wiki/Sunil_Mittal
173,Homi Mody,https://en.wikipedia.org//wiki/Homi_Mody
174,Zia Mody,https://en.wikipedia.org//wiki/Zia_Mody
175,Mohamed Yusuf,https://en.wikipedia.org//wiki/Mohamed_Yusuf
176,Mohanlal,https://en.wikipedia.org//wiki/Mohanlal
177,Rajendra Nath Mookerjee,https://en.wikipedia.org//wiki/Rajendra_Nath_Mookerjee
178,Sumati Morarjee,https://en.wikipedia.org//wiki/Sumati_Morarjee
179,Sulajja Firodia Motwani,https://en.wikipedia.org//wiki/Sulajja_Firodia_Motwani
180,Om Prakash Munjal,https://en.wikipedia.org//wiki/Om_Prakash_Munjal
181,Pankaj M Munjal,https://en.wikipedia.org//wiki/Pankaj_M_Munjal
182,Mohan Murjani,https://en.wikipedia.org//wiki/Mohan_Murjani
183,M. V. V. S. Murthi,https://en.wikipedia.org//wiki/M._V._V._S._Murthi
184,N. R. Narayana Murthy,https://en.wikipedia.org//wiki/N._R._Narayana_Murthy
185,Tammareddy Krishna Murthy,https://en.wikipedia.org//wiki/Tammareddy_Krishna_Murthy
186,Arunachalam Muruganantham,https://en.wikipedia.org//wiki/Arunachalam_Muruganantham
187,M. A. Muthiah Chettiar,https://en.wikipedia.org//wiki/M._A._Muthiah_Chettiar
188,Shiv Nadar,https://en.wikipedia.org//wiki/Shiv_Nadar
189,K. B. Nagabhushanam,https://en.wikipedia.org//wiki/K._B._Nagabhushanam
190,Bangalore Nagarathnamma,https://en.wikipedia.org//wiki/Bangalore_Nagarathnamma
191,R. Nagarathnamma,https://en.wikipedia.org//wiki/R._Nagarathnamma
192,C. P. Krishnan Nair,https://en.wikipedia.org//wiki/C._P._Krishnan_Nair
193,K. Ravindranathan Nair,https://en.wikipedia.org//wiki/K._Ravindranathan_Nair
194,Nanjangud Tirumalamba,https://en.wikipedia.org//wiki/Nanjangud_Tirumalamba
195,Appu Nedungadi,https://en.wikipedia.org//wiki/Appu_Nedungadi
196,Indra Nooyi,https://en.wikipedia.org//wiki/Indra_Nooyi
197,Pearl Padamsee,https://en.wikipedia.org//wiki/Pearl_Padamsee
198,Kutty Padmini,https://en.wikipedia.org//wiki/Kutty_Padmini
199,Bipradas Pal Chowdhury,https://en.wikipedia.org//wiki/Bipradas_Pal_Chowdhury
200,Anku Pande,https://en.wikipedia.org//wiki/Anku_Pande
201,Rajani Pandit,https://en.wikipedia.org//wiki/Rajani_Pandit
202,B. R. Panthulu,https://en.wikipedia.org//wiki/B._R._Panthulu
203,Chhaganlal Karamshi Parekh,https://en.wikipedia.org//wiki/Chhaganlal_Karamshi_Parekh
204,Ketan Parekh,https://en.wikipedia.org//wiki/Ketan_Parekh
205,Salil Parekh,https://en.wikipedia.org//wiki/Salil_Parekh
206,Amrita Patel,https://en.wikipedia.org//wiki/Amrita_Patel
207,Rajshree Pathy,https://en.wikipedia.org//wiki/Rajshree_Pathy
208,Pratap Govindrao Pawar,https://en.wikipedia.org//wiki/Pratap_Govindrao_Pawar
209,B. Ravi Pillai,https://en.wikipedia.org//wiki/B._Ravi_Pillai
210,Chinna Pillai,https://en.wikipedia.org//wiki/Chinna_Pillai
211,K. M. Vasudevan Pillai,https://en.wikipedia.org//wiki/K._M._Vasudevan_Pillai
212,Nadakkal Parameswaran Pillai,https://en.wikipedia.org//wiki/Nadakkal_Parameswaran_Pillai
213,V. O. Chidambaram Pillai,https://en.wikipedia.org//wiki/V._O._Chidambaram_Pillai
214,V. I. Munuswamy Pillai,https://en.wikipedia.org//wiki/V._I._Munuswamy_Pillai
215,Swati Piramal,https://en.wikipedia.org//wiki/Swati_Piramal
216,Sam Pitroda,https://en.wikipedia.org//wiki/Sam_Pitroda
217,Bimla Poddar,https://en.wikipedia.org//wiki/Bimla_Poddar
218,Cyrus S. Poonawalla,https://en.wikipedia.org//wiki/Cyrus_S._Poonawalla
219,Jaswantiben Jamnadas Popat,https://en.wikipedia.org//wiki/Jaswantiben_Jamnadas_Popat
220,Prahlad Rai Agarwala,https://en.wikipedia.org//wiki/Prahlad_Rai_Agarwala
221,A. D. S. N. Prasad,https://en.wikipedia.org//wiki/A._D._S._N._Prasad
222,Chandra Bhan Prasad,https://en.wikipedia.org//wiki/Chandra_Bhan_Prasad
223,Sivalenka Krishna Prasad,https://en.wikipedia.org//wiki/Sivalenka_Krishna_Prasad
224,V. B. Rajendra Prasad,https://en.wikipedia.org//wiki/V._B._Rajendra_Prasad
225,Lakshmi Pratury,https://en.wikipedia.org//wiki/Lakshmi_Pratury
226,Azim Premji,https://en.wikipedia.org//wiki/Azim_Premji
227,Aroon Purie,https://en.wikipedia.org//wiki/Aroon_Purie
228,B. V. Radha,https://en.wikipedia.org//wiki/B._V._Radha
229,Radhika Sarathkumar,https://en.wikipedia.org//wiki/Radhika_Sarathkumar
230,Ramji Raghavan,https://en.wikipedia.org//wiki/Ramji_Raghavan
231,Subir Raha,https://en.wikipedia.org//wiki/Subir_Raha
232,Fazal Rahimtoola,https://en.wikipedia.org//wiki/Fazal_Rahimtoola
233,G. V. Raja,https://en.wikipedia.org//wiki/G._V._Raja
234,T. P. Rajalakshmi,https://en.wikipedia.org//wiki/T._P._Rajalakshmi
235,Chinnaswami Rajam,https://en.wikipedia.org//wiki/Chinnaswami_Rajam
236,M. V. Rajamma,https://en.wikipedia.org//wiki/M._V._Rajamma
237,Latha Rajinikanth,https://en.wikipedia.org//wiki/Latha_Rajinikanth
238,Soundarya Rajinikanth,https://en.wikipedia.org//wiki/Soundarya_Rajinikanth
239,Parvathamma Rajkumar,https://en.wikipedia.org//wiki/Parvathamma_Rajkumar
240,D. V. S. Raju,https://en.wikipedia.org//wiki/D._V._S._Raju
241,Gopal Raju,https://en.wikipedia.org//wiki/Gopal_Raju
242,C. Lakshmi Rajyam,https://en.wikipedia.org//wiki/C._Lakshmi_Rajyam
243,D. Ramanaidu,https://en.wikipedia.org//wiki/D._Ramanaidu
244,Vadde Ramesh,https://en.wikipedia.org//wiki/Vadde_Ramesh
245,Lakhvinder Singh Rana,https://en.wikipedia.org//wiki/Lakhvinder_Singh_Rana
246,Bhaskar Rao Bollineni,https://en.wikipedia.org//wiki/Bhaskar_Rao_Bollineni
247,Moturu Hanumantha Rao,https://en.wikipedia.org//wiki/Moturu_Hanumantha_Rao
248,Ramoji Rao,https://en.wikipedia.org//wiki/Ramoji_Rao
249,Nagi Reddi,https://en.wikipedia.org//wiki/Nagi_Reddi
250,K. I. Varaprasad Reddy,https://en.wikipedia.org//wiki/K._I._Varaprasad_Reddy
251,Prathap C. Reddy,https://en.wikipedia.org//wiki/Prathap_C._Reddy
252,Abis Rizvi,https://en.wikipedia.org//wiki/Abis_Rizvi
253,Bunker Roy,https://en.wikipedia.org//wiki/Bunker_Roy
254,Radhika Roy,https://en.wikipedia.org//wiki/Radhika_Roy
255,Subrata Roy,https://en.wikipedia.org//wiki/Subrata_Roy
256,Ramnarain Ruia,https://en.wikipedia.org//wiki/Ramnarain_Ruia
257,S. M. Nayagam,https://en.wikipedia.org//wiki/S._M._Nayagam
258,Madan Mohan Sabharwal,https://en.wikipedia.org//wiki/Madan_Mohan_Sabharwal
259,Kunwer Sachdev,https://en.wikipedia.org//wiki/Kunwer_Sachdev
260,Deepa Sahi,https://en.wikipedia.org//wiki/Deepa_Sahi
261,Rizwan Sajan,https://en.wikipedia.org//wiki/Rizwan_Sajan
262,Shobhna Samarth,https://en.wikipedia.org//wiki/Shobhna_Samarth
263,Meera Sanyal,https://en.wikipedia.org//wiki/Meera_Sanyal
264,Meenakshi Sargogi,https://en.wikipedia.org//wiki/Meenakshi_Sargogi
265,Chiki Sarkar,https://en.wikipedia.org//wiki/Chiki_Sarkar
266,Kalpana Saroj,https://en.wikipedia.org//wiki/Kalpana_Saroj
267,Mathur Savani,https://en.wikipedia.org//wiki/Mathur_Savani
268,Savitri (actress),https://en.wikipedia.org//wiki/Savitri_(actress)
269,Ronnie Screwvala,https://en.wikipedia.org//wiki/Ronnie_Screwvala
270,Zarina Screwvala,https://en.wikipedia.org//wiki/Zarina_Screwvala
271,Binod Sethi,https://en.wikipedia.org//wiki/Binod_Sethi
272,Tekkatte Narayan Shanbhag,https://en.wikipedia.org//wiki/Tekkatte_Narayan_Shanbhag
273,Gemini Shankaran,https://en.wikipedia.org//wiki/Gemini_Shankaran
274,Shikha Sharma,https://en.wikipedia.org//wiki/Shikha_Sharma
275,Indumati Chimanlal Sheth,https://en.wikipedia.org//wiki/Indumati_Chimanlal_Sheth
276,B. R. Shetty,https://en.wikipedia.org//wiki/B._R._Shetty
277,Shilpa Shetty,https://en.wikipedia.org//wiki/Shilpa_Shetty
278,S. D. Shibulal,https://en.wikipedia.org//wiki/S._D._Shibulal
279,Kameshwar Singh,https://en.wikipedia.org//wiki/Kameshwar_Singh
280,Kushal Pal Singh,https://en.wikipedia.org//wiki/Kushal_Pal_Singh
281,Shobha Deepak Singh,https://en.wikipedia.org//wiki/Shobha_Deepak_Singh
282,Thangjam Dhabali Singh,https://en.wikipedia.org//wiki/Thangjam_Dhabali_Singh
283,Lala Kamlapat Singhania,https://en.wikipedia.org//wiki/Lala_Kamlapat_Singhania
284,Birendranath Sircar,https://en.wikipedia.org//wiki/Birendranath_Sircar
285,R. Sivabhogam,https://en.wikipedia.org//wiki/R._Sivabhogam
286,A. Sivasailam,https://en.wikipedia.org//wiki/A._Sivasailam
287,Karamshi Jethabhai Somaiya,https://en.wikipedia.org//wiki/Karamshi_Jethabhai_Somaiya
288,Matthew Spacie,https://en.wikipedia.org//wiki/Matthew_Spacie
289,Sheila Sri Prakash,https://en.wikipedia.org//wiki/Sheila_Sri_Prakash
290,Sridevi,https://en.wikipedia.org//wiki/Sridevi
291,A. L. Srinivasan,https://en.wikipedia.org//wiki/A._L._Srinivasan
292,Kasturi Srinivasan,https://en.wikipedia.org//wiki/Kasturi_Srinivasan
293,Mallika Srinivasan,https://en.wikipedia.org//wiki/Mallika_Srinivasan
294,Renu Sukheja,https://en.wikipedia.org//wiki/Renu_Sukheja
295,Chadalavada Sundararamasastri,https://en.wikipedia.org//wiki/Chadalavada_Sundararamasastri
296,Tulsi Tanti,https://en.wikipedia.org//wiki/Tulsi_Tanti
297,Jamsetji Tata,https://en.wikipedia.org//wiki/Jamsetji_Tata
298,Simone Tata,https://en.wikipedia.org//wiki/Simone_Tata
299,Leena Tewari,https://en.wikipedia.org//wiki/Leena_Tewari
300,Thakiyudeen Abdul Wahid,https://en.wikipedia.org//wiki/Thakiyudeen_Abdul_Wahid
301,Gautam Thapar,https://en.wikipedia.org//wiki/Gautam_Thapar
302,Gopalswamy Doraiswamy Naidu,https://en.wikipedia.org//wiki/Gopalswamy_Doraiswamy_Naidu
303,A. V. Thomas,https://en.wikipedia.org//wiki/A._V._Thomas
304,Usha Thorat,https://en.wikipedia.org//wiki/Usha_Thorat
305,Gubbi Thotadappa,https://en.wikipedia.org//wiki/Gubbi_Thotadappa
306,Latika Thukral,https://en.wikipedia.org//wiki/Latika_Thukral
307,H. Vasanthakumar,https://en.wikipedia.org//wiki/H._Vasanthakumar
308,T. E. Vasudevan,https://en.wikipedia.org//wiki/T._E._Vasudevan
309,Agyeya,https://en.wikipedia.org//wiki/Agyeya
310,Padmasree Warrior,https://en.wikipedia.org//wiki/Padmasree_Warrior
311,Fatima Zakaria,https://en.wikipedia.org//wiki/Fatima_Zakaria
415,Anuradha Acharya,https://en.wikipedia.org//wiki/Anuradha_Acharya
417,Karan Adani,https://en.wikipedia.org//wiki/Karan_Adani
418,Pranav Adani,https://en.wikipedia.org//wiki/Pranav_Adani
419,Priti Adani,https://en.wikipedia.org//wiki/Priti_Adani
424,Sheetal Agashe,https://en.wikipedia.org//wiki/Sheetal_Agashe
425,Prem Akkaraju,https://en.wikipedia.org//wiki/Prem_Akkaraju
426,Vikram Akula,https://en.wikipedia.org//wiki/Vikram_Akula
427,Tina Ambani,https://en.wikipedia.org//wiki/Tina_Ambani
430,Kavita K. Barjatya,https://en.wikipedia.org//wiki/Kavita_K._Barjatya
431,Mukta Barve,https://en.wikipedia.org//wiki/Mukta_Barve
432,Ritu Beri,https://en.wikipedia.org//wiki/Ritu_Beri
436,Hridayeshwar Singh Bhati,https://en.wikipedia.org//wiki/Hridayeshwar_Singh_Bhati
450,Jyoti Deshpande,https://en.wikipedia.org//wiki/Jyoti_Deshpande
452,Dega Deva Kumar Reddy,https://en.wikipedia.org//wiki/Dega_Deva_Kumar_Reddy
453,Kanika Dewan,https://en.wikipedia.org//wiki/Kanika_Dewan
456,Priyanka Dutt,https://en.wikipedia.org//wiki/Priyanka_Dutt
457,Krishna Ella,https://en.wikipedia.org//wiki/Krishna_Ella
460,S. George,https://en.wikipedia.org//wiki/S._George
461,Manjula Ghattamaneni,https://en.wikipedia.org//wiki/Manjula_Ghattamaneni
462,Sumita Ghosh,https://en.wikipedia.org//wiki/Sumita_Ghosh
464,Namita Gokhale,https://en.wikipedia.org//wiki/Namita_Gokhale
465,Divya Gokulnath,https://en.wikipedia.org//wiki/Divya_Gokulnath
467,Suhas Gopinath,https://en.wikipedia.org//wiki/Suhas_Gopinath
469,Anita Gupta,https://en.wikipedia.org//wiki/Anita_Gupta
470,Lalita D. Gupte,https://en.wikipedia.org//wiki/Lalita_D._Gupte
471,Dheeraj Hinduja,https://en.wikipedia.org//wiki/Dheeraj_Hinduja
472,Gopichand Hinduja,https://en.wikipedia.org//wiki/Gopichand_Hinduja
473,Prakash Hinduja,https://en.wikipedia.org//wiki/Prakash_Hinduja
475,Zuboni Hümtsoe,https://en.wikipedia.org//wiki/Zuboni_H%C3%BCmtsoe
481,Kirthi Jayakumar,https://en.wikipedia.org//wiki/Kirthi_Jayakumar
485,Anto Joseph,https://en.wikipedia.org//wiki/Anto_Joseph
487,Deep Kalra,https://en.wikipedia.org//wiki/Deep_Kalra
488,Balli Kalyanachakravarthy,https://en.wikipedia.org//wiki/Balli_Kalyanachakravarthy
489,Anshula Kant,https://en.wikipedia.org//wiki/Anshula_Kant
491,Rhea Kapoor,https://en.wikipedia.org//wiki/Rhea_Kapoor
494,Ritu Kapur,https://en.wikipedia.org//wiki/Ritu_Kapur
495,Renu Sud Karnad,https://en.wikipedia.org//wiki/Renu_Sud_Karnad
496,Gauri Khan,https://en.wikipedia.org//wiki/Gauri_Khan
497,Twinkle Khanna,https://en.wikipedia.org//wiki/Twinkle_Khanna
501,Sunita Kohli,https://en.wikipedia.org//wiki/Sunita_Kohli
503,Sonali Kulkarni (businesswoman),https://en.wikipedia.org//wiki/Sonali_Kulkarni_(businesswoman)
504,Kamal Kumbhar,https://en.wikipedia.org//wiki/Kamal_Kumbhar
507,Leelavathi (actress),https://en.wikipedia.org//wiki/Leelavathi_(actress)
508,Upasana Makati,https://en.wikipedia.org//wiki/Upasana_Makati
509,Saloni Malhotra,https://en.wikipedia.org//wiki/Saloni_Malhotra
512,Akhil Mehta,https://en.wikipedia.org//wiki/Akhil_Mehta
514,Sandhya Mendonca,https://en.wikipedia.org//wiki/Sandhya_Mendonca
515,Malini N. Menon,https://en.wikipedia.org//wiki/Malini_N._Menon
517,Irshad Mirza,https://en.wikipedia.org//wiki/Irshad_Mirza
521,Saket Modi,https://en.wikipedia.org//wiki/Saket_Modi
524,Soma Mondal,https://en.wikipedia.org//wiki/Soma_Mondal
528,Akshata Murty,https://en.wikipedia.org//wiki/Akshata_Murty
530,Roshni Nadar,https://en.wikipedia.org//wiki/Roshni_Nadar
531,Akshay Naheta,https://en.wikipedia.org//wiki/Akshay_Naheta
532,Leena Nair,https://en.wikipedia.org//wiki/Leena_Nair
533,Murugesh Nirani,https://en.wikipedia.org//wiki/Murugesh_Nirani
541,Agnimitra Paul,https://en.wikipedia.org//wiki/Agnimitra_Paul
542,Antony Perumbavoor,https://en.wikipedia.org//wiki/Antony_Perumbavoor
543,Hari Kishan Pippal,https://en.wikipedia.org//wiki/Hari_Kishan_Pippal
544,Radhika Piramal,https://en.wikipedia.org//wiki/Radhika_Piramal
547,Adar Poonawalla,https://en.wikipedia.org//wiki/Adar_Poonawalla
549,Priya Prakash,https://en.wikipedia.org//wiki/Priya_Prakash
553,Rishad Premji,https://en.wikipedia.org//wiki/Rishad_Premji
554,Arun Pudur,https://en.wikipedia.org//wiki/Arun_Pudur
556,Sindhuja Rajaraman,https://en.wikipedia.org//wiki/Sindhuja_Rajaraman
559,Arti Rana,https://en.wikipedia.org//wiki/Arti_Rana
561,Kiran Rao,https://en.wikipedia.org//wiki/Kiran_Rao
563,Preetha Reddy,https://en.wikipedia.org//wiki/Preetha_Reddy
565,Nicole Rodrigues,https://en.wikipedia.org//wiki/Nicole_Rodrigues
566,Rahul Roushan,https://en.wikipedia.org//wiki/Rahul_Roushan
570,Deepak Sahni,https://en.wikipedia.org//wiki/Deepak_Sahni
572,Sanjiv Saraf,https://en.wikipedia.org//wiki/Sanjiv_Saraf
574,Devita Saraf,https://en.wikipedia.org//wiki/Devita_Saraf
581,Ameera Shah,https://en.wikipedia.org//wiki/Ameera_Shah
582,Sanjay Shah (Vistex),https://en.wikipedia.org//wiki/Sanjay_Shah_(Vistex)
586,Shweta Shinde,https://en.wikipedia.org//wiki/Shweta_Shinde
587,Rakesh Shukla (animal welfare activist),https://en.wikipedia.org//wiki/Rakesh_Shukla_(animal_welfare_activist)
589,Rhea Mazumdar Singhal,https://en.wikipedia.org//wiki/Rhea_Mazumdar_Singhal
590,Supra Singhal,https://en.wikipedia.org//wiki/Supra_Singhal
594,Sumathi Srinivas,https://en.wikipedia.org//wiki/Sumathi_Srinivas
596,Visakh Subramaniam,https://en.wikipedia.org//wiki/Visakh_Subramaniam
600,Noble Babu Thomas,https://en.wikipedia.org//wiki/Noble_Babu_Thomas
603,Bijiyashanti Tongbram,https://en.wikipedia.org//wiki/Bijiyashanti_Tongbram
604,Lina Trivedi,https://en.wikipedia.org//wiki/Lina_Trivedi
605,Narendra Choudary,https://en.wikipedia.org//wiki/Narendra_Choudary
606,Arun Kumar V.R.,https://en.wikipedia.org//wiki/Arun_Kumar_V.R.
608,Ravi Venkatesan,https://en.wikipedia.org//wiki/Ravi_Venkatesan
610,Burra Madhusudan Yadav,https://en.wikipedia.org//wiki/Burra_Madhusudan_Yadav
611,Ashvini Yardi,https://en.wikipedia.org//wiki/Ashvini_Yardi
615,Hamisha Daryani Ahuja,https://en.wikipedia.org//wiki/Hamisha_Daryani_Ahuja
632,Manyata Dutt,https://en.wikipedia.org//wiki/Manyata_Dutt
672,Susmita Mohanty,https://en.wikipedia.org//wiki/Susmita_Mohanty
